GEO.id,Id
GEO.id2,Id2
GEO.display-label,Geography
HC01_EST_VC01,Total; Estimate; Civilian population 18 years and over
HC01_MOE_VC01,Total; Margin of Error; Civilian population 18 years and over
HC02_EST_VC01,Percent; Estimate; Civilian population 18 years and over
HC02_MOE_VC01,Percent; Margin of Error; Civilian population 18 years and over
HC03_EST_VC01,Veterans; Estimate; Civilian population 18 years and over
HC03_MOE_VC01,Veterans; Margin of Error; Civilian population 18 years and over
HC04_EST_VC01,Percent Veterans; Estimate; Civilian population 18 years and over
HC04_MOE_VC01,Percent Veterans; Margin of Error; Civilian population 18 years and over
HC05_EST_VC01,Nonveterans; Estimate; Civilian population 18 years and over
HC05_MOE_VC01,Nonveterans; Margin of Error; Civilian population 18 years and over
HC06_EST_VC01,Percent Nonveterans; Estimate; Civilian population 18 years and over
HC06_MOE_VC01,Percent Nonveterans; Margin of Error; Civilian population 18 years and over
HC01_EST_VC03,Total; Estimate; PERIOD OF SERVICE - Gulf War (9/2001 or later) veterans
HC01_MOE_VC03,Total; Margin of Error; PERIOD OF SERVICE - Gulf War (9/2001 or later) veterans
HC02_EST_VC03,Percent; Estimate; PERIOD OF SERVICE - Gulf War (9/2001 or later) veterans
HC02_MOE_VC03,Percent; Margin of Error; PERIOD OF SERVICE - Gulf War (9/2001 or later) veterans
HC03_EST_VC03,Veterans; Estimate; PERIOD OF SERVICE - Gulf War (9/2001 or later) veterans
HC03_MOE_VC03,Veterans; Margin of Error; PERIOD OF SERVICE - Gulf War (9/2001 or later) veterans
HC04_EST_VC03,Percent Veterans; Estimate; PERIOD OF SERVICE - Gulf War (9/2001 or later) veterans
HC04_MOE_VC03,Percent Veterans; Margin of Error; PERIOD OF SERVICE - Gulf War (9/2001 or later) veterans
HC05_EST_VC03,Nonveterans; Estimate; PERIOD OF SERVICE - Gulf War (9/2001 or later) veterans
HC05_MOE_VC03,Nonveterans; Margin of Error; PERIOD OF SERVICE - Gulf War (9/2001 or later) veterans
HC06_EST_VC03,Percent Nonveterans; Estimate; PERIOD OF SERVICE - Gulf War (9/2001 or later) veterans
HC06_MOE_VC03,Percent Nonveterans; Margin of Error; PERIOD OF SERVICE - Gulf War (9/2001 or later) veterans
HC01_EST_VC04,Total; Estimate; PERIOD OF SERVICE - Gulf War (8/1990 to 8/2001) veterans
HC01_MOE_VC04,Total; Margin of Error; PERIOD OF SERVICE - Gulf War (8/1990 to 8/2001) veterans
HC02_EST_VC04,Percent; Estimate; PERIOD OF SERVICE - Gulf War (8/1990 to 8/2001) veterans
HC02_MOE_VC04,Percent; Margin of Error; PERIOD OF SERVICE - Gulf War (8/1990 to 8/2001) veterans
HC03_EST_VC04,Veterans; Estimate; PERIOD OF SERVICE - Gulf War (8/1990 to 8/2001) veterans
HC03_MOE_VC04,Veterans; Margin of Error; PERIOD OF SERVICE - Gulf War (8/1990 to 8/2001) veterans
HC04_EST_VC04,Percent Veterans; Estimate; PERIOD OF SERVICE - Gulf War (8/1990 to 8/2001) veterans
HC04_MOE_VC04,Percent Veterans; Margin of Error; PERIOD OF SERVICE - Gulf War (8/1990 to 8/2001) veterans
HC05_EST_VC04,Nonveterans; Estimate; PERIOD OF SERVICE - Gulf War (8/1990 to 8/2001) veterans
HC05_MOE_VC04,Nonveterans; Margin of Error; PERIOD OF SERVICE - Gulf War (8/1990 to 8/2001) veterans
HC06_EST_VC04,Percent Nonveterans; Estimate; PERIOD OF SERVICE - Gulf War (8/1990 to 8/2001) veterans
HC06_MOE_VC04,Percent Nonveterans; Margin of Error; PERIOD OF SERVICE - Gulf War (8/1990 to 8/2001) veterans
HC01_EST_VC05,Total; Estimate; PERIOD OF SERVICE - Vietnam era veterans
HC01_MOE_VC05,Total; Margin of Error; PERIOD OF SERVICE - Vietnam era veterans
HC02_EST_VC05,Percent; Estimate; PERIOD OF SERVICE - Vietnam era veterans
HC02_MOE_VC05,Percent; Margin of Error; PERIOD OF SERVICE - Vietnam era veterans
HC03_EST_VC05,Veterans; Estimate; PERIOD OF SERVICE - Vietnam era veterans
HC03_MOE_VC05,Veterans; Margin of Error; PERIOD OF SERVICE - Vietnam era veterans
HC04_EST_VC05,Percent Veterans; Estimate; PERIOD OF SERVICE - Vietnam era veterans
HC04_MOE_VC05,Percent Veterans; Margin of Error; PERIOD OF SERVICE - Vietnam era veterans
HC05_EST_VC05,Nonveterans; Estimate; PERIOD OF SERVICE - Vietnam era veterans
HC05_MOE_VC05,Nonveterans; Margin of Error; PERIOD OF SERVICE - Vietnam era veterans
HC06_EST_VC05,Percent Nonveterans; Estimate; PERIOD OF SERVICE - Vietnam era veterans
HC06_MOE_VC05,Percent Nonveterans; Margin of Error; PERIOD OF SERVICE - Vietnam era veterans
HC01_EST_VC06,Total; Estimate; PERIOD OF SERVICE - Korean War veterans
HC01_MOE_VC06,Total; Margin of Error; PERIOD OF SERVICE - Korean War veterans
HC02_EST_VC06,Percent; Estimate; PERIOD OF SERVICE - Korean War veterans
HC02_MOE_VC06,Percent; Margin of Error; PERIOD OF SERVICE - Korean War veterans
HC03_EST_VC06,Veterans; Estimate; PERIOD OF SERVICE - Korean War veterans
HC03_MOE_VC06,Veterans; Margin of Error; PERIOD OF SERVICE - Korean War veterans
HC04_EST_VC06,Percent Veterans; Estimate; PERIOD OF SERVICE - Korean War veterans
HC04_MOE_VC06,Percent Veterans; Margin of Error; PERIOD OF SERVICE - Korean War veterans
HC05_EST_VC06,Nonveterans; Estimate; PERIOD OF SERVICE - Korean War veterans
HC05_MOE_VC06,Nonveterans; Margin of Error; PERIOD OF SERVICE - Korean War veterans
HC06_EST_VC06,Percent Nonveterans; Estimate; PERIOD OF SERVICE - Korean War veterans
HC06_MOE_VC06,Percent Nonveterans; Margin of Error; PERIOD OF SERVICE - Korean War veterans
HC01_EST_VC07,Total; Estimate; PERIOD OF SERVICE - World War II veterans
HC01_MOE_VC07,Total; Margin of Error; PERIOD OF SERVICE - World War II veterans
HC02_EST_VC07,Percent; Estimate; PERIOD OF SERVICE - World War II veterans
HC02_MOE_VC07,Percent; Margin of Error; PERIOD OF SERVICE - World War II veterans
HC03_EST_VC07,Veterans; Estimate; PERIOD OF SERVICE - World War II veterans
HC03_MOE_VC07,Veterans; Margin of Error; PERIOD OF SERVICE - World War II veterans
HC04_EST_VC07,Percent Veterans; Estimate; PERIOD OF SERVICE - World War II veterans
HC04_MOE_VC07,Percent Veterans; Margin of Error; PERIOD OF SERVICE - World War II veterans
HC05_EST_VC07,Nonveterans; Estimate; PERIOD OF SERVICE - World War II veterans
HC05_MOE_VC07,Nonveterans; Margin of Error; PERIOD OF SERVICE - World War II veterans
HC06_EST_VC07,Percent Nonveterans; Estimate; PERIOD OF SERVICE - World War II veterans
HC06_MOE_VC07,Percent Nonveterans; Margin of Error; PERIOD OF SERVICE - World War II veterans
HC01_EST_VC10,Total; Estimate; SEX - Male
HC01_MOE_VC10,Total; Margin of Error; SEX - Male
HC02_EST_VC10,Percent; Estimate; SEX - Male
HC02_MOE_VC10,Percent; Margin of Error; SEX - Male
HC03_EST_VC10,Veterans; Estimate; SEX - Male
HC03_MOE_VC10,Veterans; Margin of Error; SEX - Male
HC04_EST_VC10,Percent Veterans; Estimate; SEX - Male
HC04_MOE_VC10,Percent Veterans; Margin of Error; SEX - Male
HC05_EST_VC10,Nonveterans; Estimate; SEX - Male
HC05_MOE_VC10,Nonveterans; Margin of Error; SEX - Male
HC06_EST_VC10,Percent Nonveterans; Estimate; SEX - Male
HC06_MOE_VC10,Percent Nonveterans; Margin of Error; SEX - Male
HC01_EST_VC11,Total; Estimate; SEX - Female
HC01_MOE_VC11,Total; Margin of Error; SEX - Female
HC02_EST_VC11,Percent; Estimate; SEX - Female
HC02_MOE_VC11,Percent; Margin of Error; SEX - Female
HC03_EST_VC11,Veterans; Estimate; SEX - Female
HC03_MOE_VC11,Veterans; Margin of Error; SEX - Female
HC04_EST_VC11,Percent Veterans; Estimate; SEX - Female
HC04_MOE_VC11,Percent Veterans; Margin of Error; SEX - Female
HC05_EST_VC11,Nonveterans; Estimate; SEX - Female
HC05_MOE_VC11,Nonveterans; Margin of Error; SEX - Female
HC06_EST_VC11,Percent Nonveterans; Estimate; SEX - Female
HC06_MOE_VC11,Percent Nonveterans; Margin of Error; SEX - Female
HC01_EST_VC14,Total; Estimate; AGE - 18 to 34 years
HC01_MOE_VC14,Total; Margin of Error; AGE - 18 to 34 years
HC02_EST_VC14,Percent; Estimate; AGE - 18 to 34 years
HC02_MOE_VC14,Percent; Margin of Error; AGE - 18 to 34 years
HC03_EST_VC14,Veterans; Estimate; AGE - 18 to 34 years
HC03_MOE_VC14,Veterans; Margin of Error; AGE - 18 to 34 years
HC04_EST_VC14,Percent Veterans; Estimate; AGE - 18 to 34 years
HC04_MOE_VC14,Percent Veterans; Margin of Error; AGE - 18 to 34 years
HC05_EST_VC14,Nonveterans; Estimate; AGE - 18 to 34 years
HC05_MOE_VC14,Nonveterans; Margin of Error; AGE - 18 to 34 years
HC06_EST_VC14,Percent Nonveterans; Estimate; AGE - 18 to 34 years
HC06_MOE_VC14,Percent Nonveterans; Margin of Error; AGE - 18 to 34 years
HC01_EST_VC15,Total; Estimate; AGE - 35 to 54 years
HC01_MOE_VC15,Total; Margin of Error; AGE - 35 to 54 years
HC02_EST_VC15,Percent; Estimate; AGE - 35 to 54 years
HC02_MOE_VC15,Percent; Margin of Error; AGE - 35 to 54 years
HC03_EST_VC15,Veterans; Estimate; AGE - 35 to 54 years
HC03_MOE_VC15,Veterans; Margin of Error; AGE - 35 to 54 years
HC04_EST_VC15,Percent Veterans; Estimate; AGE - 35 to 54 years
HC04_MOE_VC15,Percent Veterans; Margin of Error; AGE - 35 to 54 years
HC05_EST_VC15,Nonveterans; Estimate; AGE - 35 to 54 years
HC05_MOE_VC15,Nonveterans; Margin of Error; AGE - 35 to 54 years
HC06_EST_VC15,Percent Nonveterans; Estimate; AGE - 35 to 54 years
HC06_MOE_VC15,Percent Nonveterans; Margin of Error; AGE - 35 to 54 years
HC01_EST_VC16,Total; Estimate; AGE - 55 to 64 years
HC01_MOE_VC16,Total; Margin of Error; AGE - 55 to 64 years
HC02_EST_VC16,Percent; Estimate; AGE - 55 to 64 years
HC02_MOE_VC16,Percent; Margin of Error; AGE - 55 to 64 years
HC03_EST_VC16,Veterans; Estimate; AGE - 55 to 64 years
HC03_MOE_VC16,Veterans; Margin of Error; AGE - 55 to 64 years
HC04_EST_VC16,Percent Veterans; Estimate; AGE - 55 to 64 years
HC04_MOE_VC16,Percent Veterans; Margin of Error; AGE - 55 to 64 years
HC05_EST_VC16,Nonveterans; Estimate; AGE - 55 to 64 years
HC05_MOE_VC16,Nonveterans; Margin of Error; AGE - 55 to 64 years
HC06_EST_VC16,Percent Nonveterans; Estimate; AGE - 55 to 64 years
HC06_MOE_VC16,Percent Nonveterans; Margin of Error; AGE - 55 to 64 years
HC01_EST_VC17,Total; Estimate; AGE - 65 to 74 years
HC01_MOE_VC17,Total; Margin of Error; AGE - 65 to 74 years
HC02_EST_VC17,Percent; Estimate; AGE - 65 to 74 years
HC02_MOE_VC17,Percent; Margin of Error; AGE - 65 to 74 years
HC03_EST_VC17,Veterans; Estimate; AGE - 65 to 74 years
HC03_MOE_VC17,Veterans; Margin of Error; AGE - 65 to 74 years
HC04_EST_VC17,Percent Veterans; Estimate; AGE - 65 to 74 years
HC04_MOE_VC17,Percent Veterans; Margin of Error; AGE - 65 to 74 years
HC05_EST_VC17,Nonveterans; Estimate; AGE - 65 to 74 years
HC05_MOE_VC17,Nonveterans; Margin of Error; AGE - 65 to 74 years
HC06_EST_VC17,Percent Nonveterans; Estimate; AGE - 65 to 74 years
HC06_MOE_VC17,Percent Nonveterans; Margin of Error; AGE - 65 to 74 years
HC01_EST_VC18,Total; Estimate; AGE - 75 years and over
HC01_MOE_VC18,Total; Margin of Error; AGE - 75 years and over
HC02_EST_VC18,Percent; Estimate; AGE - 75 years and over
HC02_MOE_VC18,Percent; Margin of Error; AGE - 75 years and over
HC03_EST_VC18,Veterans; Estimate; AGE - 75 years and over
HC03_MOE_VC18,Veterans; Margin of Error; AGE - 75 years and over
HC04_EST_VC18,Percent Veterans; Estimate; AGE - 75 years and over
HC04_MOE_VC18,Percent Veterans; Margin of Error; AGE - 75 years and over
HC05_EST_VC18,Nonveterans; Estimate; AGE - 75 years and over
HC05_MOE_VC18,Nonveterans; Margin of Error; AGE - 75 years and over
HC06_EST_VC18,Percent Nonveterans; Estimate; AGE - 75 years and over
HC06_MOE_VC18,Percent Nonveterans; Margin of Error; AGE - 75 years and over
HC01_EST_VC21,Total; Estimate; RACE AND HISPANIC OR LATINO ORIGIN - White alone
HC01_MOE_VC21,Total; Margin of Error; RACE AND HISPANIC OR LATINO ORIGIN - White alone
HC02_EST_VC21,Percent; Estimate; RACE AND HISPANIC OR LATINO ORIGIN - White alone
HC02_MOE_VC21,Percent; Margin of Error; RACE AND HISPANIC OR LATINO ORIGIN - White alone
HC03_EST_VC21,Veterans; Estimate; RACE AND HISPANIC OR LATINO ORIGIN - White alone
HC03_MOE_VC21,Veterans; Margin of Error; RACE AND HISPANIC OR LATINO ORIGIN - White alone
HC04_EST_VC21,Percent Veterans; Estimate; RACE AND HISPANIC OR LATINO ORIGIN - White alone
HC04_MOE_VC21,Percent Veterans; Margin of Error; RACE AND HISPANIC OR LATINO ORIGIN - White alone
HC05_EST_VC21,Nonveterans; Estimate; RACE AND HISPANIC OR LATINO ORIGIN - White alone
HC05_MOE_VC21,Nonveterans; Margin of Error; RACE AND HISPANIC OR LATINO ORIGIN - White alone
HC06_EST_VC21,Percent Nonveterans; Estimate; RACE AND HISPANIC OR LATINO ORIGIN - White alone
HC06_MOE_VC21,Percent Nonveterans; Margin of Error; RACE AND HISPANIC OR LATINO ORIGIN - White alone
HC01_EST_VC22,Total; Estimate; RACE AND HISPANIC OR LATINO ORIGIN - Black or African American alone
HC01_MOE_VC22,Total; Margin of Error; RACE AND HISPANIC OR LATINO ORIGIN - Black or African American alone
HC02_EST_VC22,Percent; Estimate; RACE AND HISPANIC OR LATINO ORIGIN - Black or African American alone
HC02_MOE_VC22,Percent; Margin of Error; RACE AND HISPANIC OR LATINO ORIGIN - Black or African American alone
HC03_EST_VC22,Veterans; Estimate; RACE AND HISPANIC OR LATINO ORIGIN - Black or African American alone
HC03_MOE_VC22,Veterans; Margin of Error; RACE AND HISPANIC OR LATINO ORIGIN - Black or African American alone
HC04_EST_VC22,Percent Veterans; Estimate; RACE AND HISPANIC OR LATINO ORIGIN - Black or African American alone
HC04_MOE_VC22,Percent Veterans; Margin of Error; RACE AND HISPANIC OR LATINO ORIGIN - Black or African American alone
HC05_EST_VC22,Nonveterans; Estimate; RACE AND HISPANIC OR LATINO ORIGIN - Black or African American alone
HC05_MOE_VC22,Nonveterans; Margin of Error; RACE AND HISPANIC OR LATINO ORIGIN - Black or African American alone
HC06_EST_VC22,Percent Nonveterans; Estimate; RACE AND HISPANIC OR LATINO ORIGIN - Black or African American alone
HC06_MOE_VC22,Percent Nonveterans; Margin of Error; RACE AND HISPANIC OR LATINO ORIGIN - Black or African American alone
HC01_EST_VC23,Total; Estimate; RACE AND HISPANIC OR LATINO ORIGIN - American Indian and Alaska Native alone
HC01_MOE_VC23,Total; Margin of Error; RACE AND HISPANIC OR LATINO ORIGIN - American Indian and Alaska Native alone
HC02_EST_VC23,Percent; Estimate; RACE AND HISPANIC OR LATINO ORIGIN - American Indian and Alaska Native alone
HC02_MOE_VC23,Percent; Margin of Error; RACE AND HISPANIC OR LATINO ORIGIN - American Indian and Alaska Native alone
HC03_EST_VC23,Veterans; Estimate; RACE AND HISPANIC OR LATINO ORIGIN - American Indian and Alaska Native alone
HC03_MOE_VC23,Veterans; Margin of Error; RACE AND HISPANIC OR LATINO ORIGIN - American Indian and Alaska Native alone
HC04_EST_VC23,Percent Veterans; Estimate; RACE AND HISPANIC OR LATINO ORIGIN - American Indian and Alaska Native alone
HC04_MOE_VC23,Percent Veterans; Margin of Error; RACE AND HISPANIC OR LATINO ORIGIN - American Indian and Alaska Native alone
HC05_EST_VC23,Nonveterans; Estimate; RACE AND HISPANIC OR LATINO ORIGIN - American Indian and Alaska Native alone
HC05_MOE_VC23,Nonveterans; Margin of Error; RACE AND HISPANIC OR LATINO ORIGIN - American Indian and Alaska Native alone
HC06_EST_VC23,Percent Nonveterans; Estimate; RACE AND HISPANIC OR LATINO ORIGIN - American Indian and Alaska Native alone
HC06_MOE_VC23,Percent Nonveterans; Margin of Error; RACE AND HISPANIC OR LATINO ORIGIN - American Indian and Alaska Native alone
HC01_EST_VC24,Total; Estimate; RACE AND HISPANIC OR LATINO ORIGIN - Asian alone
HC01_MOE_VC24,Total; Margin of Error; RACE AND HISPANIC OR LATINO ORIGIN - Asian alone
HC02_EST_VC24,Percent; Estimate; RACE AND HISPANIC OR LATINO ORIGIN - Asian alone
HC02_MOE_VC24,Percent; Margin of Error; RACE AND HISPANIC OR LATINO ORIGIN - Asian alone
HC03_EST_VC24,Veterans; Estimate; RACE AND HISPANIC OR LATINO ORIGIN - Asian alone
HC03_MOE_VC24,Veterans; Margin of Error; RACE AND HISPANIC OR LATINO ORIGIN - Asian alone
HC04_EST_VC24,Percent Veterans; Estimate; RACE AND HISPANIC OR LATINO ORIGIN - Asian alone
HC04_MOE_VC24,Percent Veterans; Margin of Error; RACE AND HISPANIC OR LATINO ORIGIN - Asian alone
HC05_EST_VC24,Nonveterans; Estimate; RACE AND HISPANIC OR LATINO ORIGIN - Asian alone
HC05_MOE_VC24,Nonveterans; Margin of Error; RACE AND HISPANIC OR LATINO ORIGIN - Asian alone
HC06_EST_VC24,Percent Nonveterans; Estimate; RACE AND HISPANIC OR LATINO ORIGIN - Asian alone
HC06_MOE_VC24,Percent Nonveterans; Margin of Error; RACE AND HISPANIC OR LATINO ORIGIN - Asian alone
HC01_EST_VC25,Total; Estimate; RACE AND HISPANIC OR LATINO ORIGIN - Native Hawaiian and Other Pacific Islander alone
HC01_MOE_VC25,Total; Margin of Error; RACE AND HISPANIC OR LATINO ORIGIN - Native Hawaiian and Other Pacific Islander alone
HC02_EST_VC25,Percent; Estimate; RACE AND HISPANIC OR LATINO ORIGIN - Native Hawaiian and Other Pacific Islander alone
HC02_MOE_VC25,Percent; Margin of Error; RACE AND HISPANIC OR LATINO ORIGIN - Native Hawaiian and Other Pacific Islander alone
HC03_EST_VC25,Veterans; Estimate; RACE AND HISPANIC OR LATINO ORIGIN - Native Hawaiian and Other Pacific Islander alone
HC03_MOE_VC25,Veterans; Margin of Error; RACE AND HISPANIC OR LATINO ORIGIN - Native Hawaiian and Other Pacific Islander alone
HC04_EST_VC25,Percent Veterans; Estimate; RACE AND HISPANIC OR LATINO ORIGIN - Native Hawaiian and Other Pacific Islander alone
HC04_MOE_VC25,Percent Veterans; Margin of Error; RACE AND HISPANIC OR LATINO ORIGIN - Native Hawaiian and Other Pacific Islander alone
HC05_EST_VC25,Nonveterans; Estimate; RACE AND HISPANIC OR LATINO ORIGIN - Native Hawaiian and Other Pacific Islander alone
HC05_MOE_VC25,Nonveterans; Margin of Error; RACE AND HISPANIC OR LATINO ORIGIN - Native Hawaiian and Other Pacific Islander alone
HC06_EST_VC25,Percent Nonveterans; Estimate; RACE AND HISPANIC OR LATINO ORIGIN - Native Hawaiian and Other Pacific Islander alone
HC06_MOE_VC25,Percent Nonveterans; Margin of Error; RACE AND HISPANIC OR LATINO ORIGIN - Native Hawaiian and Other Pacific Islander alone
HC01_EST_VC26,Total; Estimate; RACE AND HISPANIC OR LATINO ORIGIN - Some other race alone
HC01_MOE_VC26,Total; Margin of Error; RACE AND HISPANIC OR LATINO ORIGIN - Some other race alone
HC02_EST_VC26,Percent; Estimate; RACE AND HISPANIC OR LATINO ORIGIN - Some other race alone
HC02_MOE_VC26,Percent; Margin of Error; RACE AND HISPANIC OR LATINO ORIGIN - Some other race alone
HC03_EST_VC26,Veterans; Estimate; RACE AND HISPANIC OR LATINO ORIGIN - Some other race alone
HC03_MOE_VC26,Veterans; Margin of Error; RACE AND HISPANIC OR LATINO ORIGIN - Some other race alone
HC04_EST_VC26,Percent Veterans; Estimate; RACE AND HISPANIC OR LATINO ORIGIN - Some other race alone
HC04_MOE_VC26,Percent Veterans; Margin of Error; RACE AND HISPANIC OR LATINO ORIGIN - Some other race alone
HC05_EST_VC26,Nonveterans; Estimate; RACE AND HISPANIC OR LATINO ORIGIN - Some other race alone
HC05_MOE_VC26,Nonveterans; Margin of Error; RACE AND HISPANIC OR LATINO ORIGIN - Some other race alone
HC06_EST_VC26,Percent Nonveterans; Estimate; RACE AND HISPANIC OR LATINO ORIGIN - Some other race alone
HC06_MOE_VC26,Percent Nonveterans; Margin of Error; RACE AND HISPANIC OR LATINO ORIGIN - Some other race alone
HC01_EST_VC27,Total; Estimate; RACE AND HISPANIC OR LATINO ORIGIN - Two or more races
HC01_MOE_VC27,Total; Margin of Error; RACE AND HISPANIC OR LATINO ORIGIN - Two or more races
HC02_EST_VC27,Percent; Estimate; RACE AND HISPANIC OR LATINO ORIGIN - Two or more races
HC02_MOE_VC27,Percent; Margin of Error; RACE AND HISPANIC OR LATINO ORIGIN - Two or more races
HC03_EST_VC27,Veterans; Estimate; RACE AND HISPANIC OR LATINO ORIGIN - Two or more races
HC03_MOE_VC27,Veterans; Margin of Error; RACE AND HISPANIC OR LATINO ORIGIN - Two or more races
HC04_EST_VC27,Percent Veterans; Estimate; RACE AND HISPANIC OR LATINO ORIGIN - Two or more races
HC04_MOE_VC27,Percent Veterans; Margin of Error; RACE AND HISPANIC OR LATINO ORIGIN - Two or more races
HC05_EST_VC27,Nonveterans; Estimate; RACE AND HISPANIC OR LATINO ORIGIN - Two or more races
HC05_MOE_VC27,Nonveterans; Margin of Error; RACE AND HISPANIC OR LATINO ORIGIN - Two or more races
HC06_EST_VC27,Percent Nonveterans; Estimate; RACE AND HISPANIC OR LATINO ORIGIN - Two or more races
HC06_MOE_VC27,Percent Nonveterans; Margin of Error; RACE AND HISPANIC OR LATINO ORIGIN - Two or more races
HC01_EST_VC29,Total; Estimate; Hispanic or Latino (of any race)
HC01_MOE_VC29,Total; Margin of Error; Hispanic or Latino (of any race)
HC02_EST_VC29,Percent; Estimate; Hispanic or Latino (of any race)
HC02_MOE_VC29,Percent; Margin of Error; Hispanic or Latino (of any race)
HC03_EST_VC29,Veterans; Estimate; Hispanic or Latino (of any race)
HC03_MOE_VC29,Veterans; Margin of Error; Hispanic or Latino (of any race)
HC04_EST_VC29,Percent Veterans; Estimate; Hispanic or Latino (of any race)
HC04_MOE_VC29,Percent Veterans; Margin of Error; Hispanic or Latino (of any race)
HC05_EST_VC29,Nonveterans; Estimate; Hispanic or Latino (of any race)
HC05_MOE_VC29,Nonveterans; Margin of Error; Hispanic or Latino (of any race)
HC06_EST_VC29,Percent Nonveterans; Estimate; Hispanic or Latino (of any race)
HC06_MOE_VC29,Percent Nonveterans; Margin of Error; Hispanic or Latino (of any race)
HC01_EST_VC30,"Total; Estimate; White alone, not Hispanic or Latino"
HC01_MOE_VC30,"Total; Margin of Error; White alone, not Hispanic or Latino"
HC02_EST_VC30,"Percent; Estimate; White alone, not Hispanic or Latino"
HC02_MOE_VC30,"Percent; Margin of Error; White alone, not Hispanic or Latino"
HC03_EST_VC30,"Veterans; Estimate; White alone, not Hispanic or Latino"
HC03_MOE_VC30,"Veterans; Margin of Error; White alone, not Hispanic or Latino"
HC04_EST_VC30,"Percent Veterans; Estimate; White alone, not Hispanic or Latino"
HC04_MOE_VC30,"Percent Veterans; Margin of Error; White alone, not Hispanic or Latino"
HC05_EST_VC30,"Nonveterans; Estimate; White alone, not Hispanic or Latino"
HC05_MOE_VC30,"Nonveterans; Margin of Error; White alone, not Hispanic or Latino"
HC06_EST_VC30,"Percent Nonveterans; Estimate; White alone, not Hispanic or Latino"
HC06_MOE_VC30,"Percent Nonveterans; Margin of Error; White alone, not Hispanic or Latino"
HC01_EST_VC33,Total; Estimate; MEDIAN INCOME IN THE PAST 12 MONTHS (IN 2017 INFLATION-ADJUSTED DOLLARS) - Civilian population 18 years and over with income
HC01_MOE_VC33,Total; Margin of Error; MEDIAN INCOME IN THE PAST 12 MONTHS (IN 2017 INFLATION-ADJUSTED DOLLARS) - Civilian population 18 years and over with income
HC02_EST_VC33,Percent; Estimate; MEDIAN INCOME IN THE PAST 12 MONTHS (IN 2017 INFLATION-ADJUSTED DOLLARS) - Civilian population 18 years and over with income
HC02_MOE_VC33,Percent; Margin of Error; MEDIAN INCOME IN THE PAST 12 MONTHS (IN 2017 INFLATION-ADJUSTED DOLLARS) - Civilian population 18 years and over with income
HC03_EST_VC33,Veterans; Estimate; MEDIAN INCOME IN THE PAST 12 MONTHS (IN 2017 INFLATION-ADJUSTED DOLLARS) - Civilian population 18 years and over with income
HC03_MOE_VC33,Veterans; Margin of Error; MEDIAN INCOME IN THE PAST 12 MONTHS (IN 2017 INFLATION-ADJUSTED DOLLARS) - Civilian population 18 years and over with income
HC04_EST_VC33,Percent Veterans; Estimate; MEDIAN INCOME IN THE PAST 12 MONTHS (IN 2017 INFLATION-ADJUSTED DOLLARS) - Civilian population 18 years and over with income
HC04_MOE_VC33,Percent Veterans; Margin of Error; MEDIAN INCOME IN THE PAST 12 MONTHS (IN 2017 INFLATION-ADJUSTED DOLLARS) - Civilian population 18 years and over with income
HC05_EST_VC33,Nonveterans; Estimate; MEDIAN INCOME IN THE PAST 12 MONTHS (IN 2017 INFLATION-ADJUSTED DOLLARS) - Civilian population 18 years and over with income
HC05_MOE_VC33,Nonveterans; Margin of Error; MEDIAN INCOME IN THE PAST 12 MONTHS (IN 2017 INFLATION-ADJUSTED DOLLARS) - Civilian population 18 years and over with income
HC06_EST_VC33,Percent Nonveterans; Estimate; MEDIAN INCOME IN THE PAST 12 MONTHS (IN 2017 INFLATION-ADJUSTED DOLLARS) - Civilian population 18 years and over with income
HC06_MOE_VC33,Percent Nonveterans; Margin of Error; MEDIAN INCOME IN THE PAST 12 MONTHS (IN 2017 INFLATION-ADJUSTED DOLLARS) - Civilian population 18 years and over with income
HC01_EST_VC34,Total; Estimate; MEDIAN INCOME IN THE PAST 12 MONTHS (IN 2017 INFLATION-ADJUSTED DOLLARS) - Civilian population 18 years and over with income - Male
HC01_MOE_VC34,Total; Margin of Error; MEDIAN INCOME IN THE PAST 12 MONTHS (IN 2017 INFLATION-ADJUSTED DOLLARS) - Civilian population 18 years and over with income - Male
HC02_EST_VC34,Percent; Estimate; MEDIAN INCOME IN THE PAST 12 MONTHS (IN 2017 INFLATION-ADJUSTED DOLLARS) - Civilian population 18 years and over with income - Male
HC02_MOE_VC34,Percent; Margin of Error; MEDIAN INCOME IN THE PAST 12 MONTHS (IN 2017 INFLATION-ADJUSTED DOLLARS) - Civilian population 18 years and over with income - Male
HC03_EST_VC34,Veterans; Estimate; MEDIAN INCOME IN THE PAST 12 MONTHS (IN 2017 INFLATION-ADJUSTED DOLLARS) - Civilian population 18 years and over with income - Male
HC03_MOE_VC34,Veterans; Margin of Error; MEDIAN INCOME IN THE PAST 12 MONTHS (IN 2017 INFLATION-ADJUSTED DOLLARS) - Civilian population 18 years and over with income - Male
HC04_EST_VC34,Percent Veterans; Estimate; MEDIAN INCOME IN THE PAST 12 MONTHS (IN 2017 INFLATION-ADJUSTED DOLLARS) - Civilian population 18 years and over with income - Male
HC04_MOE_VC34,Percent Veterans; Margin of Error; MEDIAN INCOME IN THE PAST 12 MONTHS (IN 2017 INFLATION-ADJUSTED DOLLARS) - Civilian population 18 years and over with income - Male
HC05_EST_VC34,Nonveterans; Estimate; MEDIAN INCOME IN THE PAST 12 MONTHS (IN 2017 INFLATION-ADJUSTED DOLLARS) - Civilian population 18 years and over with income - Male
HC05_MOE_VC34,Nonveterans; Margin of Error; MEDIAN INCOME IN THE PAST 12 MONTHS (IN 2017 INFLATION-ADJUSTED DOLLARS) - Civilian population 18 years and over with income - Male
HC06_EST_VC34,Percent Nonveterans; Estimate; MEDIAN INCOME IN THE PAST 12 MONTHS (IN 2017 INFLATION-ADJUSTED DOLLARS) - Civilian population 18 years and over with income - Male
HC06_MOE_VC34,Percent Nonveterans; Margin of Error; MEDIAN INCOME IN THE PAST 12 MONTHS (IN 2017 INFLATION-ADJUSTED DOLLARS) - Civilian population 18 years and over with income - Male
HC01_EST_VC35,Total; Estimate; MEDIAN INCOME IN THE PAST 12 MONTHS (IN 2017 INFLATION-ADJUSTED DOLLARS) - Civilian population 18 years and over with income - Female
HC01_MOE_VC35,Total; Margin of Error; MEDIAN INCOME IN THE PAST 12 MONTHS (IN 2017 INFLATION-ADJUSTED DOLLARS) - Civilian population 18 years and over with income - Female
HC02_EST_VC35,Percent; Estimate; MEDIAN INCOME IN THE PAST 12 MONTHS (IN 2017 INFLATION-ADJUSTED DOLLARS) - Civilian population 18 years and over with income - Female
HC02_MOE_VC35,Percent; Margin of Error; MEDIAN INCOME IN THE PAST 12 MONTHS (IN 2017 INFLATION-ADJUSTED DOLLARS) - Civilian population 18 years and over with income - Female
HC03_EST_VC35,Veterans; Estimate; MEDIAN INCOME IN THE PAST 12 MONTHS (IN 2017 INFLATION-ADJUSTED DOLLARS) - Civilian population 18 years and over with income - Female
HC03_MOE_VC35,Veterans; Margin of Error; MEDIAN INCOME IN THE PAST 12 MONTHS (IN 2017 INFLATION-ADJUSTED DOLLARS) - Civilian population 18 years and over with income - Female
HC04_EST_VC35,Percent Veterans; Estimate; MEDIAN INCOME IN THE PAST 12 MONTHS (IN 2017 INFLATION-ADJUSTED DOLLARS) - Civilian population 18 years and over with income - Female
HC04_MOE_VC35,Percent Veterans; Margin of Error; MEDIAN INCOME IN THE PAST 12 MONTHS (IN 2017 INFLATION-ADJUSTED DOLLARS) - Civilian population 18 years and over with income - Female
HC05_EST_VC35,Nonveterans; Estimate; MEDIAN INCOME IN THE PAST 12 MONTHS (IN 2017 INFLATION-ADJUSTED DOLLARS) - Civilian population 18 years and over with income - Female
HC05_MOE_VC35,Nonveterans; Margin of Error; MEDIAN INCOME IN THE PAST 12 MONTHS (IN 2017 INFLATION-ADJUSTED DOLLARS) - Civilian population 18 years and over with income - Female
HC06_EST_VC35,Percent Nonveterans; Estimate; MEDIAN INCOME IN THE PAST 12 MONTHS (IN 2017 INFLATION-ADJUSTED DOLLARS) - Civilian population 18 years and over with income - Female
HC06_MOE_VC35,Percent Nonveterans; Margin of Error; MEDIAN INCOME IN THE PAST 12 MONTHS (IN 2017 INFLATION-ADJUSTED DOLLARS) - Civilian population 18 years and over with income - Female
HC01_EST_VC38,Total; Estimate; EDUCATIONAL ATTAINMENT - Civilian population 25 years and over
HC01_MOE_VC38,Total; Margin of Error; EDUCATIONAL ATTAINMENT - Civilian population 25 years and over
HC02_EST_VC38,Percent; Estimate; EDUCATIONAL ATTAINMENT - Civilian population 25 years and over
HC02_MOE_VC38,Percent; Margin of Error; EDUCATIONAL ATTAINMENT - Civilian population 25 years and over
HC03_EST_VC38,Veterans; Estimate; EDUCATIONAL ATTAINMENT - Civilian population 25 years and over
HC03_MOE_VC38,Veterans; Margin of Error; EDUCATIONAL ATTAINMENT - Civilian population 25 years and over
HC04_EST_VC38,Percent Veterans; Estimate; EDUCATIONAL ATTAINMENT - Civilian population 25 years and over
HC04_MOE_VC38,Percent Veterans; Margin of Error; EDUCATIONAL ATTAINMENT - Civilian population 25 years and over
HC05_EST_VC38,Nonveterans; Estimate; EDUCATIONAL ATTAINMENT - Civilian population 25 years and over
HC05_MOE_VC38,Nonveterans; Margin of Error; EDUCATIONAL ATTAINMENT - Civilian population 25 years and over
HC06_EST_VC38,Percent Nonveterans; Estimate; EDUCATIONAL ATTAINMENT - Civilian population 25 years and over
HC06_MOE_VC38,Percent Nonveterans; Margin of Error; EDUCATIONAL ATTAINMENT - Civilian population 25 years and over
HC01_EST_VC39,Total; Estimate; EDUCATIONAL ATTAINMENT - Civilian population 25 years and over - Less than high school graduate
HC01_MOE_VC39,Total; Margin of Error; EDUCATIONAL ATTAINMENT - Civilian population 25 years and over - Less than high school graduate
HC02_EST_VC39,Percent; Estimate; EDUCATIONAL ATTAINMENT - Civilian population 25 years and over - Less than high school graduate
HC02_MOE_VC39,Percent; Margin of Error; EDUCATIONAL ATTAINMENT - Civilian population 25 years and over - Less than high school graduate
HC03_EST_VC39,Veterans; Estimate; EDUCATIONAL ATTAINMENT - Civilian population 25 years and over - Less than high school graduate
HC03_MOE_VC39,Veterans; Margin of Error; EDUCATIONAL ATTAINMENT - Civilian population 25 years and over - Less than high school graduate
HC04_EST_VC39,Percent Veterans; Estimate; EDUCATIONAL ATTAINMENT - Civilian population 25 years and over - Less than high school graduate
HC04_MOE_VC39,Percent Veterans; Margin of Error; EDUCATIONAL ATTAINMENT - Civilian population 25 years and over - Less than high school graduate
HC05_EST_VC39,Nonveterans; Estimate; EDUCATIONAL ATTAINMENT - Civilian population 25 years and over - Less than high school graduate
HC05_MOE_VC39,Nonveterans; Margin of Error; EDUCATIONAL ATTAINMENT - Civilian population 25 years and over - Less than high school graduate
HC06_EST_VC39,Percent Nonveterans; Estimate; EDUCATIONAL ATTAINMENT - Civilian population 25 years and over - Less than high school graduate
HC06_MOE_VC39,Percent Nonveterans; Margin of Error; EDUCATIONAL ATTAINMENT - Civilian population 25 years and over - Less than high school graduate
HC01_EST_VC40,Total; Estimate; EDUCATIONAL ATTAINMENT - Civilian population 25 years and over - High school graduate (includes equivalency)
HC01_MOE_VC40,Total; Margin of Error; EDUCATIONAL ATTAINMENT - Civilian population 25 years and over - High school graduate (includes equivalency)
HC02_EST_VC40,Percent; Estimate; EDUCATIONAL ATTAINMENT - Civilian population 25 years and over - High school graduate (includes equivalency)
HC02_MOE_VC40,Percent; Margin of Error; EDUCATIONAL ATTAINMENT - Civilian population 25 years and over - High school graduate (includes equivalency)
HC03_EST_VC40,Veterans; Estimate; EDUCATIONAL ATTAINMENT - Civilian population 25 years and over - High school graduate (includes equivalency)
HC03_MOE_VC40,Veterans; Margin of Error; EDUCATIONAL ATTAINMENT - Civilian population 25 years and over - High school graduate (includes equivalency)
HC04_EST_VC40,Percent Veterans; Estimate; EDUCATIONAL ATTAINMENT - Civilian population 25 years and over - High school graduate (includes equivalency)
HC04_MOE_VC40,Percent Veterans; Margin of Error; EDUCATIONAL ATTAINMENT - Civilian population 25 years and over - High school graduate (includes equivalency)
HC05_EST_VC40,Nonveterans; Estimate; EDUCATIONAL ATTAINMENT - Civilian population 25 years and over - High school graduate (includes equivalency)
HC05_MOE_VC40,Nonveterans; Margin of Error; EDUCATIONAL ATTAINMENT - Civilian population 25 years and over - High school graduate (includes equivalency)
HC06_EST_VC40,Percent Nonveterans; Estimate; EDUCATIONAL ATTAINMENT - Civilian population 25 years and over - High school graduate (includes equivalency)
HC06_MOE_VC40,Percent Nonveterans; Margin of Error; EDUCATIONAL ATTAINMENT - Civilian population 25 years and over - High school graduate (includes equivalency)
HC01_EST_VC41,Total; Estimate; EDUCATIONAL ATTAINMENT - Civilian population 25 years and over - Some college or associate's degree
HC01_MOE_VC41,Total; Margin of Error; EDUCATIONAL ATTAINMENT - Civilian population 25 years and over - Some college or associate's degree
HC02_EST_VC41,Percent; Estimate; EDUCATIONAL ATTAINMENT - Civilian population 25 years and over - Some college or associate's degree
HC02_MOE_VC41,Percent; Margin of Error; EDUCATIONAL ATTAINMENT - Civilian population 25 years and over - Some college or associate's degree
HC03_EST_VC41,Veterans; Estimate; EDUCATIONAL ATTAINMENT - Civilian population 25 years and over - Some college or associate's degree
HC03_MOE_VC41,Veterans; Margin of Error; EDUCATIONAL ATTAINMENT - Civilian population 25 years and over - Some college or associate's degree
HC04_EST_VC41,Percent Veterans; Estimate; EDUCATIONAL ATTAINMENT - Civilian population 25 years and over - Some college or associate's degree
HC04_MOE_VC41,Percent Veterans; Margin of Error; EDUCATIONAL ATTAINMENT - Civilian population 25 years and over - Some college or associate's degree
HC05_EST_VC41,Nonveterans; Estimate; EDUCATIONAL ATTAINMENT - Civilian population 25 years and over - Some college or associate's degree
HC05_MOE_VC41,Nonveterans; Margin of Error; EDUCATIONAL ATTAINMENT - Civilian population 25 years and over - Some college or associate's degree
HC06_EST_VC41,Percent Nonveterans; Estimate; EDUCATIONAL ATTAINMENT - Civilian population 25 years and over - Some college or associate's degree
HC06_MOE_VC41,Percent Nonveterans; Margin of Error; EDUCATIONAL ATTAINMENT - Civilian population 25 years and over - Some college or associate's degree
HC01_EST_VC42,Total; Estimate; EDUCATIONAL ATTAINMENT - Civilian population 25 years and over - Bachelor's degree or higher
HC01_MOE_VC42,Total; Margin of Error; EDUCATIONAL ATTAINMENT - Civilian population 25 years and over - Bachelor's degree or higher
HC02_EST_VC42,Percent; Estimate; EDUCATIONAL ATTAINMENT - Civilian population 25 years and over - Bachelor's degree or higher
HC02_MOE_VC42,Percent; Margin of Error; EDUCATIONAL ATTAINMENT - Civilian population 25 years and over - Bachelor's degree or higher
HC03_EST_VC42,Veterans; Estimate; EDUCATIONAL ATTAINMENT - Civilian population 25 years and over - Bachelor's degree or higher
HC03_MOE_VC42,Veterans; Margin of Error; EDUCATIONAL ATTAINMENT - Civilian population 25 years and over - Bachelor's degree or higher
HC04_EST_VC42,Percent Veterans; Estimate; EDUCATIONAL ATTAINMENT - Civilian population 25 years and over - Bachelor's degree or higher
HC04_MOE_VC42,Percent Veterans; Margin of Error; EDUCATIONAL ATTAINMENT - Civilian population 25 years and over - Bachelor's degree or higher
HC05_EST_VC42,Nonveterans; Estimate; EDUCATIONAL ATTAINMENT - Civilian population 25 years and over - Bachelor's degree or higher
HC05_MOE_VC42,Nonveterans; Margin of Error; EDUCATIONAL ATTAINMENT - Civilian population 25 years and over - Bachelor's degree or higher
HC06_EST_VC42,Percent Nonveterans; Estimate; EDUCATIONAL ATTAINMENT - Civilian population 25 years and over - Bachelor's degree or higher
HC06_MOE_VC42,Percent Nonveterans; Margin of Error; EDUCATIONAL ATTAINMENT - Civilian population 25 years and over - Bachelor's degree or higher
HC01_EST_VC45,Total; Estimate; EMPLOYMENT STATUS - Civilian population 18 to 64 years
HC01_MOE_VC45,Total; Margin of Error; EMPLOYMENT STATUS - Civilian population 18 to 64 years
HC02_EST_VC45,Percent; Estimate; EMPLOYMENT STATUS - Civilian population 18 to 64 years
HC02_MOE_VC45,Percent; Margin of Error; EMPLOYMENT STATUS - Civilian population 18 to 64 years
HC03_EST_VC45,Veterans; Estimate; EMPLOYMENT STATUS - Civilian population 18 to 64 years
HC03_MOE_VC45,Veterans; Margin of Error; EMPLOYMENT STATUS - Civilian population 18 to 64 years
HC04_EST_VC45,Percent Veterans; Estimate; EMPLOYMENT STATUS - Civilian population 18 to 64 years
HC04_MOE_VC45,Percent Veterans; Margin of Error; EMPLOYMENT STATUS - Civilian population 18 to 64 years
HC05_EST_VC45,Nonveterans; Estimate; EMPLOYMENT STATUS - Civilian population 18 to 64 years
HC05_MOE_VC45,Nonveterans; Margin of Error; EMPLOYMENT STATUS - Civilian population 18 to 64 years
HC06_EST_VC45,Percent Nonveterans; Estimate; EMPLOYMENT STATUS - Civilian population 18 to 64 years
HC06_MOE_VC45,Percent Nonveterans; Margin of Error; EMPLOYMENT STATUS - Civilian population 18 to 64 years
HC01_EST_VC46,Total; Estimate; EMPLOYMENT STATUS - Civilian population 18 to 64 years - Labor force participation rate
HC01_MOE_VC46,Total; Margin of Error; EMPLOYMENT STATUS - Civilian population 18 to 64 years - Labor force participation rate
HC02_EST_VC46,Percent; Estimate; EMPLOYMENT STATUS - Civilian population 18 to 64 years - Labor force participation rate
HC02_MOE_VC46,Percent; Margin of Error; EMPLOYMENT STATUS - Civilian population 18 to 64 years - Labor force participation rate
HC03_EST_VC46,Veterans; Estimate; EMPLOYMENT STATUS - Civilian population 18 to 64 years - Labor force participation rate
HC03_MOE_VC46,Veterans; Margin of Error; EMPLOYMENT STATUS - Civilian population 18 to 64 years - Labor force participation rate
HC04_EST_VC46,Percent Veterans; Estimate; EMPLOYMENT STATUS - Civilian population 18 to 64 years - Labor force participation rate
HC04_MOE_VC46,Percent Veterans; Margin of Error; EMPLOYMENT STATUS - Civilian population 18 to 64 years - Labor force participation rate
HC05_EST_VC46,Nonveterans; Estimate; EMPLOYMENT STATUS - Civilian population 18 to 64 years - Labor force participation rate
HC05_MOE_VC46,Nonveterans; Margin of Error; EMPLOYMENT STATUS - Civilian population 18 to 64 years - Labor force participation rate
HC06_EST_VC46,Percent Nonveterans; Estimate; EMPLOYMENT STATUS - Civilian population 18 to 64 years - Labor force participation rate
HC06_MOE_VC46,Percent Nonveterans; Margin of Error; EMPLOYMENT STATUS - Civilian population 18 to 64 years - Labor force participation rate
HC01_EST_VC47,Total; Estimate; EMPLOYMENT STATUS - Civilian labor force 18 to 64 years
HC01_MOE_VC47,Total; Margin of Error; EMPLOYMENT STATUS - Civilian labor force 18 to 64 years
HC02_EST_VC47,Percent; Estimate; EMPLOYMENT STATUS - Civilian labor force 18 to 64 years
HC02_MOE_VC47,Percent; Margin of Error; EMPLOYMENT STATUS - Civilian labor force 18 to 64 years
HC03_EST_VC47,Veterans; Estimate; EMPLOYMENT STATUS - Civilian labor force 18 to 64 years
HC03_MOE_VC47,Veterans; Margin of Error; EMPLOYMENT STATUS - Civilian labor force 18 to 64 years
HC04_EST_VC47,Percent Veterans; Estimate; EMPLOYMENT STATUS - Civilian labor force 18 to 64 years
HC04_MOE_VC47,Percent Veterans; Margin of Error; EMPLOYMENT STATUS - Civilian labor force 18 to 64 years
HC05_EST_VC47,Nonveterans; Estimate; EMPLOYMENT STATUS - Civilian labor force 18 to 64 years
HC05_MOE_VC47,Nonveterans; Margin of Error; EMPLOYMENT STATUS - Civilian labor force 18 to 64 years
HC06_EST_VC47,Percent Nonveterans; Estimate; EMPLOYMENT STATUS - Civilian labor force 18 to 64 years
HC06_MOE_VC47,Percent Nonveterans; Margin of Error; EMPLOYMENT STATUS - Civilian labor force 18 to 64 years
HC01_EST_VC48,Total; Estimate; EMPLOYMENT STATUS - Civilian labor force 18 to 64 years - Unemployment rate
HC01_MOE_VC48,Total; Margin of Error; EMPLOYMENT STATUS - Civilian labor force 18 to 64 years - Unemployment rate
HC02_EST_VC48,Percent; Estimate; EMPLOYMENT STATUS - Civilian labor force 18 to 64 years - Unemployment rate
HC02_MOE_VC48,Percent; Margin of Error; EMPLOYMENT STATUS - Civilian labor force 18 to 64 years - Unemployment rate
HC03_EST_VC48,Veterans; Estimate; EMPLOYMENT STATUS - Civilian labor force 18 to 64 years - Unemployment rate
HC03_MOE_VC48,Veterans; Margin of Error; EMPLOYMENT STATUS - Civilian labor force 18 to 64 years - Unemployment rate
HC04_EST_VC48,Percent Veterans; Estimate; EMPLOYMENT STATUS - Civilian labor force 18 to 64 years - Unemployment rate
HC04_MOE_VC48,Percent Veterans; Margin of Error; EMPLOYMENT STATUS - Civilian labor force 18 to 64 years - Unemployment rate
HC05_EST_VC48,Nonveterans; Estimate; EMPLOYMENT STATUS - Civilian labor force 18 to 64 years - Unemployment rate
HC05_MOE_VC48,Nonveterans; Margin of Error; EMPLOYMENT STATUS - Civilian labor force 18 to 64 years - Unemployment rate
HC06_EST_VC48,Percent Nonveterans; Estimate; EMPLOYMENT STATUS - Civilian labor force 18 to 64 years - Unemployment rate
HC06_MOE_VC48,Percent Nonveterans; Margin of Error; EMPLOYMENT STATUS - Civilian labor force 18 to 64 years - Unemployment rate
HC01_EST_VC51,Total; Estimate; POVERTY STATUS IN THE PAST 12 MONTHS - Civilian population 18 years and over for whom poverty status is determined
HC01_MOE_VC51,Total; Margin of Error; POVERTY STATUS IN THE PAST 12 MONTHS - Civilian population 18 years and over for whom poverty status is determined
HC02_EST_VC51,Percent; Estimate; POVERTY STATUS IN THE PAST 12 MONTHS - Civilian population 18 years and over for whom poverty status is determined
HC02_MOE_VC51,Percent; Margin of Error; POVERTY STATUS IN THE PAST 12 MONTHS - Civilian population 18 years and over for whom poverty status is determined
HC03_EST_VC51,Veterans; Estimate; POVERTY STATUS IN THE PAST 12 MONTHS - Civilian population 18 years and over for whom poverty status is determined
HC03_MOE_VC51,Veterans; Margin of Error; POVERTY STATUS IN THE PAST 12 MONTHS - Civilian population 18 years and over for whom poverty status is determined
HC04_EST_VC51,Percent Veterans; Estimate; POVERTY STATUS IN THE PAST 12 MONTHS - Civilian population 18 years and over for whom poverty status is determined
HC04_MOE_VC51,Percent Veterans; Margin of Error; POVERTY STATUS IN THE PAST 12 MONTHS - Civilian population 18 years and over for whom poverty status is determined
HC05_EST_VC51,Nonveterans; Estimate; POVERTY STATUS IN THE PAST 12 MONTHS - Civilian population 18 years and over for whom poverty status is determined
HC05_MOE_VC51,Nonveterans; Margin of Error; POVERTY STATUS IN THE PAST 12 MONTHS - Civilian population 18 years and over for whom poverty status is determined
HC06_EST_VC51,Percent Nonveterans; Estimate; POVERTY STATUS IN THE PAST 12 MONTHS - Civilian population 18 years and over for whom poverty status is determined
HC06_MOE_VC51,Percent Nonveterans; Margin of Error; POVERTY STATUS IN THE PAST 12 MONTHS - Civilian population 18 years and over for whom poverty status is determined
HC01_EST_VC52,Total; Estimate; POVERTY STATUS IN THE PAST 12 MONTHS - Civilian population 18 years and over for whom poverty status is determined - Income in the past 12 months below poverty level
HC01_MOE_VC52,Total; Margin of Error; POVERTY STATUS IN THE PAST 12 MONTHS - Civilian population 18 years and over for whom poverty status is determined - Income in the past 12 months below poverty level
HC02_EST_VC52,Percent; Estimate; POVERTY STATUS IN THE PAST 12 MONTHS - Civilian population 18 years and over for whom poverty status is determined - Income in the past 12 months below poverty level
HC02_MOE_VC52,Percent; Margin of Error; POVERTY STATUS IN THE PAST 12 MONTHS - Civilian population 18 years and over for whom poverty status is determined - Income in the past 12 months below poverty level
HC03_EST_VC52,Veterans; Estimate; POVERTY STATUS IN THE PAST 12 MONTHS - Civilian population 18 years and over for whom poverty status is determined - Income in the past 12 months below poverty level
HC03_MOE_VC52,Veterans; Margin of Error; POVERTY STATUS IN THE PAST 12 MONTHS - Civilian population 18 years and over for whom poverty status is determined - Income in the past 12 months below poverty level
HC04_EST_VC52,Percent Veterans; Estimate; POVERTY STATUS IN THE PAST 12 MONTHS - Civilian population 18 years and over for whom poverty status is determined - Income in the past 12 months below poverty level
HC04_MOE_VC52,Percent Veterans; Margin of Error; POVERTY STATUS IN THE PAST 12 MONTHS - Civilian population 18 years and over for whom poverty status is determined - Income in the past 12 months below poverty level
HC05_EST_VC52,Nonveterans; Estimate; POVERTY STATUS IN THE PAST 12 MONTHS - Civilian population 18 years and over for whom poverty status is determined - Income in the past 12 months below poverty level
HC05_MOE_VC52,Nonveterans; Margin of Error; POVERTY STATUS IN THE PAST 12 MONTHS - Civilian population 18 years and over for whom poverty status is determined - Income in the past 12 months below poverty level
HC06_EST_VC52,Percent Nonveterans; Estimate; POVERTY STATUS IN THE PAST 12 MONTHS - Civilian population 18 years and over for whom poverty status is determined - Income in the past 12 months below poverty level
HC06_MOE_VC52,Percent Nonveterans; Margin of Error; POVERTY STATUS IN THE PAST 12 MONTHS - Civilian population 18 years and over for whom poverty status is determined - Income in the past 12 months below poverty level
HC01_EST_VC53,Total; Estimate; POVERTY STATUS IN THE PAST 12 MONTHS - Civilian population 18 years and over for whom poverty status is determined - Income in the past 12 months at or above poverty level
HC01_MOE_VC53,Total; Margin of Error; POVERTY STATUS IN THE PAST 12 MONTHS - Civilian population 18 years and over for whom poverty status is determined - Income in the past 12 months at or above poverty level
HC02_EST_VC53,Percent; Estimate; POVERTY STATUS IN THE PAST 12 MONTHS - Civilian population 18 years and over for whom poverty status is determined - Income in the past 12 months at or above poverty level
HC02_MOE_VC53,Percent; Margin of Error; POVERTY STATUS IN THE PAST 12 MONTHS - Civilian population 18 years and over for whom poverty status is determined - Income in the past 12 months at or above poverty level
HC03_EST_VC53,Veterans; Estimate; POVERTY STATUS IN THE PAST 12 MONTHS - Civilian population 18 years and over for whom poverty status is determined - Income in the past 12 months at or above poverty level
HC03_MOE_VC53,Veterans; Margin of Error; POVERTY STATUS IN THE PAST 12 MONTHS - Civilian population 18 years and over for whom poverty status is determined - Income in the past 12 months at or above poverty level
HC04_EST_VC53,Percent Veterans; Estimate; POVERTY STATUS IN THE PAST 12 MONTHS - Civilian population 18 years and over for whom poverty status is determined - Income in the past 12 months at or above poverty level
HC04_MOE_VC53,Percent Veterans; Margin of Error; POVERTY STATUS IN THE PAST 12 MONTHS - Civilian population 18 years and over for whom poverty status is determined - Income in the past 12 months at or above poverty level
HC05_EST_VC53,Nonveterans; Estimate; POVERTY STATUS IN THE PAST 12 MONTHS - Civilian population 18 years and over for whom poverty status is determined - Income in the past 12 months at or above poverty level
HC05_MOE_VC53,Nonveterans; Margin of Error; POVERTY STATUS IN THE PAST 12 MONTHS - Civilian population 18 years and over for whom poverty status is determined - Income in the past 12 months at or above poverty level
HC06_EST_VC53,Percent Nonveterans; Estimate; POVERTY STATUS IN THE PAST 12 MONTHS - Civilian population 18 years and over for whom poverty status is determined - Income in the past 12 months at or above poverty level
HC06_MOE_VC53,Percent Nonveterans; Margin of Error; POVERTY STATUS IN THE PAST 12 MONTHS - Civilian population 18 years and over for whom poverty status is determined - Income in the past 12 months at or above poverty level
HC01_EST_VC56,Total; Estimate; DISABILITY STATUS - Civilian population 18 years and over for whom poverty status is determined
HC01_MOE_VC56,Total; Margin of Error; DISABILITY STATUS - Civilian population 18 years and over for whom poverty status is determined
HC02_EST_VC56,Percent; Estimate; DISABILITY STATUS - Civilian population 18 years and over for whom poverty status is determined
HC02_MOE_VC56,Percent; Margin of Error; DISABILITY STATUS - Civilian population 18 years and over for whom poverty status is determined
HC03_EST_VC56,Veterans; Estimate; DISABILITY STATUS - Civilian population 18 years and over for whom poverty status is determined
HC03_MOE_VC56,Veterans; Margin of Error; DISABILITY STATUS - Civilian population 18 years and over for whom poverty status is determined
HC04_EST_VC56,Percent Veterans; Estimate; DISABILITY STATUS - Civilian population 18 years and over for whom poverty status is determined
HC04_MOE_VC56,Percent Veterans; Margin of Error; DISABILITY STATUS - Civilian population 18 years and over for whom poverty status is determined
HC05_EST_VC56,Nonveterans; Estimate; DISABILITY STATUS - Civilian population 18 years and over for whom poverty status is determined
HC05_MOE_VC56,Nonveterans; Margin of Error; DISABILITY STATUS - Civilian population 18 years and over for whom poverty status is determined
HC06_EST_VC56,Percent Nonveterans; Estimate; DISABILITY STATUS - Civilian population 18 years and over for whom poverty status is determined
HC06_MOE_VC56,Percent Nonveterans; Margin of Error; DISABILITY STATUS - Civilian population 18 years and over for whom poverty status is determined
HC01_EST_VC57,Total; Estimate; DISABILITY STATUS - Civilian population 18 years and over for whom poverty status is determined - With any disability
HC01_MOE_VC57,Total; Margin of Error; DISABILITY STATUS - Civilian population 18 years and over for whom poverty status is determined - With any disability
HC02_EST_VC57,Percent; Estimate; DISABILITY STATUS - Civilian population 18 years and over for whom poverty status is determined - With any disability
HC02_MOE_VC57,Percent; Margin of Error; DISABILITY STATUS - Civilian population 18 years and over for whom poverty status is determined - With any disability
HC03_EST_VC57,Veterans; Estimate; DISABILITY STATUS - Civilian population 18 years and over for whom poverty status is determined - With any disability
HC03_MOE_VC57,Veterans; Margin of Error; DISABILITY STATUS - Civilian population 18 years and over for whom poverty status is determined - With any disability
HC04_EST_VC57,Percent Veterans; Estimate; DISABILITY STATUS - Civilian population 18 years and over for whom poverty status is determined - With any disability
HC04_MOE_VC57,Percent Veterans; Margin of Error; DISABILITY STATUS - Civilian population 18 years and over for whom poverty status is determined - With any disability
HC05_EST_VC57,Nonveterans; Estimate; DISABILITY STATUS - Civilian population 18 years and over for whom poverty status is determined - With any disability
HC05_MOE_VC57,Nonveterans; Margin of Error; DISABILITY STATUS - Civilian population 18 years and over for whom poverty status is determined - With any disability
HC06_EST_VC57,Percent Nonveterans; Estimate; DISABILITY STATUS - Civilian population 18 years and over for whom poverty status is determined - With any disability
HC06_MOE_VC57,Percent Nonveterans; Margin of Error; DISABILITY STATUS - Civilian population 18 years and over for whom poverty status is determined - With any disability
HC01_EST_VC58,Total; Estimate; DISABILITY STATUS - Civilian population 18 years and over for whom poverty status is determined - Without a disability
HC01_MOE_VC58,Total; Margin of Error; DISABILITY STATUS - Civilian population 18 years and over for whom poverty status is determined - Without a disability
HC02_EST_VC58,Percent; Estimate; DISABILITY STATUS - Civilian population 18 years and over for whom poverty status is determined - Without a disability
HC02_MOE_VC58,Percent; Margin of Error; DISABILITY STATUS - Civilian population 18 years and over for whom poverty status is determined - Without a disability
HC03_EST_VC58,Veterans; Estimate; DISABILITY STATUS - Civilian population 18 years and over for whom poverty status is determined - Without a disability
HC03_MOE_VC58,Veterans; Margin of Error; DISABILITY STATUS - Civilian population 18 years and over for whom poverty status is determined - Without a disability
HC04_EST_VC58,Percent Veterans; Estimate; DISABILITY STATUS - Civilian population 18 years and over for whom poverty status is determined - Without a disability
HC04_MOE_VC58,Percent Veterans; Margin of Error; DISABILITY STATUS - Civilian population 18 years and over for whom poverty status is determined - Without a disability
HC05_EST_VC58,Nonveterans; Estimate; DISABILITY STATUS - Civilian population 18 years and over for whom poverty status is determined - Without a disability
HC05_MOE_VC58,Nonveterans; Margin of Error; DISABILITY STATUS - Civilian population 18 years and over for whom poverty status is determined - Without a disability
HC06_EST_VC58,Percent Nonveterans; Estimate; DISABILITY STATUS - Civilian population 18 years and over for whom poverty status is determined - Without a disability
HC06_MOE_VC58,Percent Nonveterans; Margin of Error; DISABILITY STATUS - Civilian population 18 years and over for whom poverty status is determined - Without a disability
